color,size,popularity
b,13,1.0785088
r,11,1.3956245
r,15,0.9217988
r,14,1.2025453
r,13,1.0838662
b,11,0.8043527
r,9,1.103544
g,12,0.8746332
b,7,0.6947058
b,12,0.8832502
